Age,Sex,BP,Cholesterol,Na_to_K,Drug
23,0,2,1,25.355,0
47,1,0,1,13.093,3
47,1,0,1,10.114,3
28,0,1,1,7.798,4
61,0,0,1,18.043,0
22,0,1,1,8.607,4
49,0,1,1,16.275,0
41,1,0,1,11.037,3
60,1,1,1,15.171,0
43,1,0,0,19.368,0
47,0,0,1,11.767,3
34,0,2,0,19.199,0
43,1,0,1,15.376,0
74,0,0,1,20.942,0
50,0,1,1,12.703,4
16,0,2,0,15.516,0
69,1,0,0,11.455,4
43,1,2,1,13.972,1
23,1,0,1,7.298,3
32,0,2,0,25.974,0
57,1,0,0,19.128,0
63,1,1,1,25.917,0
47,1,0,0,30.568,0
48,0,0,1,15.036,0
33,0,0,1,33.486,0
28,0,2,0,18.809,0
31,1,2,1,30.366,0
49,0,1,0,9.381,4
39,0,0,0,22.697,0
45,1,0,1,17.951,0
18,0,1,0,8.75,4
74,1,2,1,9.567,2
49,1,0,0,11.014,4
65,0,2,0,31.876,0
53,1,1,1,14.133,4
46,1,1,0,7.285,4
32,1,2,0,9.445,1
39,1,0,0,13.938,4
39,0,1,0,9.709,4
15,1,1,1,9.084,4
73,0,1,1,19.221,0
58,0,2,0,14.239,2
50,1,1,0,15.79,0
23,1,1,1,12.26,4
50,0,1,0,12.295,4
66,0,1,0,8.107,4
37,0,2,1,13.091,1
68,1,0,1,10.291,3
23,1,1,1,31.686,0
28,0,0,1,19.796,0
58,0,2,1,19.416,0
67,1,1,0,10.898,4
62,1,0,0,27.183,0
24,0,2,0,18.457,0
68,0,2,0,10.189,2
26,0,0,1,14.16,3
65,1,2,0,11.34,2
40,1,2,1,27.826,0
60,1,1,0,10.091,4
34,1,2,1,18.703,0
38,0,0,0,29.875,0
24,1,2,0,9.475,1
67,1,0,0,20.693,0
45,1,0,0,8.37,4
60,0,2,1,13.303,2
68,0,1,0,27.05,0
29,1,2,1,12.856,1
17,1,1,0,10.832,4
54,1,1,1,24.658,0
18,0,2,0,24.276,0
70,1,2,1,13.967,2
28,0,1,1,19.675,0
24,0,1,1,10.605,4
41,0,1,0,22.905,0
31,1,2,0,17.069,0
26,1,0,0,20.909,0
36,0,2,1,11.198,1
26,0,2,0,19.161,0
19,0,2,1,13.313,1
32,0,0,0,10.84,4
60,1,2,1,13.934,2
64,1,1,1,7.761,4
32,0,0,1,9.712,3
38,0,2,0,11.326,1
47,0,0,1,10.067,3
59,1,2,1,13.935,2
51,0,1,1,13.597,4
69,1,0,1,15.478,0
37,0,2,0,23.091,0
50,0,1,0,17.211,0
62,1,1,1,16.594,0
41,1,2,0,15.156,0
29,0,2,1,29.45,0
42,0,0,0,29.271,0
56,1,0,1,15.015,0
36,1,0,0,11.424,4
58,0,0,1,38.247,0
56,0,2,1,25.395,0
20,1,2,0,35.639,0
15,0,2,0,16.725,0
31,1,2,0,11.871,1
45,0,2,1,12.854,1
28,0,0,1,13.127,3
56,1,1,1,8.966,4
22,1,2,0,28.294,0
37,1,0,0,8.968,4
22,1,1,1,11.953,4
42,1,0,1,20.013,0
72,1,2,0,9.677,2
23,1,1,1,16.85,0
50,1,2,1,7.49,1
47,0,1,0,6.683,4
35,1,0,0,9.17,4
65,0,0,0,13.769,4
20,0,1,0,9.281,4
51,1,2,1,18.295,0
67,1,1,0,9.514,4
40,0,1,1,10.103,4
32,0,2,0,10.292,1
61,0,2,1,25.475,0
28,1,1,1,27.064,0
15,1,2,0,17.206,0
34,1,1,1,22.456,0
36,0,1,1,16.753,0
53,0,2,0,12.495,2
19,0,2,0,25.969,0
66,1,2,1,16.347,0
35,1,1,0,7.845,4
47,1,0,0,33.542,0
32,0,1,1,7.477,4
70,0,1,1,20.489,0
52,1,0,0,32.922,0
49,1,0,0,13.598,4
24,1,1,1,25.786,0
42,0,2,1,21.036,0
74,1,0,0,11.939,4
55,0,2,1,10.977,2
35,0,2,1,12.894,1
51,1,2,0,11.343,2
69,0,1,1,10.065,4
49,1,2,0,6.269,1
64,0,0,0,25.741,0
60,1,2,0,8.621,2
74,1,2,0,15.436,0
39,1,2,1,9.664,1
61,1,1,1,9.443,4
37,0,0,0,12.006,4
26,0,2,0,12.307,1
61,0,0,0,7.34,4
22,1,0,1,8.151,3
49,1,2,0,8.7,1
68,1,2,1,11.009,2
55,1,1,0,7.261,4
72,0,0,0,14.642,4
37,1,0,0,16.724,0
49,1,0,1,10.537,3
31,1,2,0,11.227,1
53,1,0,1,22.963,0
59,0,0,1,10.444,3
34,0,0,0,12.923,4
30,0,1,1,10.443,4
57,0,2,0,9.945,2
43,1,1,0,12.859,4
21,0,2,0,28.632,0
16,1,2,0,19.007,0
38,1,0,1,18.295,0
58,0,0,1,26.645,0
57,0,1,1,14.216,4
51,0,0,0,23.003,0
20,0,2,1,11.262,1
28,0,1,1,12.879,4
45,1,0,0,10.017,4
39,0,1,0,17.225,0
41,0,0,0,18.739,0
42,1,2,0,12.766,1
73,0,2,1,18.348,0
48,1,2,0,10.446,1
25,1,1,1,19.011,0
39,1,1,1,15.969,0
67,0,1,1,15.891,0
22,0,2,0,22.818,0
59,0,1,1,13.884,4
20,0,0,0,11.686,4
36,0,2,0,15.49,0
18,0,2,1,37.188,0
57,0,1,0,25.893,0
70,1,2,1,9.849,2
47,1,2,1,10.403,1
65,1,2,0,34.997,0
64,1,2,0,20.932,0
58,1,2,1,18.991,0
23,1,2,1,8.011,1
72,1,0,1,16.31,0
72,1,0,1,6.769,3
46,0,2,1,34.686,0
56,0,0,1,11.567,3
16,1,0,1,12.006,3
52,1,1,1,9.894,4
23,1,1,0,14.02,4
40,0,0,0,11.349,4
